{
  "version": "light",
  "preset": "light",
  "notes": "Light run \u2014 20 behaviors, 3 threshold settings",
  "timestamp": "2026-04-07T05:07:14.959274",
  "model_name": "Qwen/Qwen3-32B",
  "cap_layers": "L46-L53",
  "threshold_method": "discriminative_midpoint",
  "axis_names": [
    "assistant_capping",
    "pc1_capping",
    "jbb_wj_compliance",
    "jbb_cal_compliance",
    "jbb_wj_pca",
    "jbb_cal_pca"
  ],
  "thresholds": {
    "assistant_capping": {
      "L46": {
        "optimal": 0.8243250846862793,
        "mean_benign": 16.959228515625,
        "mean_jailbreak": -15.310578346252441,
        "std_benign": 13.53179931640625,
        "std_jailbreak": 19.19928741455078,
        "separation": 32.26980686187744
      },
      "L47": {
        "optimal": 1.127791404724121,
        "mean_benign": 18.497455596923828,
        "mean_jailbreak": -16.241872787475586,
        "std_benign": 14.765514373779297,
        "std_jailbreak": 20.624387741088867,
        "separation": 34.739328384399414
      },
      "L48": {
        "optimal": 0.7681970596313477,
        "mean_benign": 21.40566062927246,
        "mean_jailbreak": -19.869266510009766,
        "std_benign": 16.531822204589844,
        "std_jailbreak": 24.47224998474121,
        "separation": 41.27492713928223
      },
      "L49": {
        "optimal": -0.26256561279296875,
        "mean_benign": 25.21755599975586,
        "mean_jailbreak": -25.742687225341797,
        "std_benign": 19.42557144165039,
        "std_jailbreak": 30.671585083007812,
        "separation": 50.960243225097656
      },
      "L50": {
        "optimal": -0.3323354721069336,
        "mean_benign": 30.90679168701172,
        "mean_jailbreak": -31.571462631225586,
        "std_benign": 23.132587432861328,
        "std_jailbreak": 39.94274139404297,
        "separation": 62.478254318237305
      },
      "L51": {
        "optimal": 1.0946826934814453,
        "mean_benign": 35.155269622802734,
        "mean_jailbreak": -32.965904235839844,
        "std_benign": 25.865802764892578,
        "std_jailbreak": 45.18693161010742,
        "separation": 68.12117385864258
      },
      "L52": {
        "optimal": 1.5550403594970703,
        "mean_benign": 37.691062927246094,
        "mean_jailbreak": -34.58098220825195,
        "std_benign": 28.003137588500977,
        "std_jailbreak": 49.97494888305664,
        "separation": 72.27204513549805
      },
      "L53": {
        "optimal": 0.13652610778808594,
        "mean_benign": 47.31193923950195,
        "mean_jailbreak": -47.03888702392578,
        "std_benign": 34.73405075073242,
        "std_jailbreak": 65.4678955078125,
        "separation": 94.35082626342773
      }
    },
    "pc1_capping": {
      "L46": {
        "optimal": 35.91057014465332,
        "mean_benign": 32.84969711303711,
        "mean_jailbreak": 38.97144317626953,
        "std_benign": 12.636157035827637,
        "std_jailbreak": 7.796711444854736,
        "separation": -6.121746063232422
      },
      "L47": {
        "optimal": 38.25387763977051,
        "mean_benign": 36.48346710205078,
        "mean_jailbreak": 40.024288177490234,
        "std_benign": 14.529850959777832,
        "std_jailbreak": 8.54980182647705,
        "separation": -3.540821075439453
      },
      "L48": {
        "optimal": 40.4323616027832,
        "mean_benign": 36.56755065917969,
        "mean_jailbreak": 44.29717254638672,
        "std_benign": 17.15903663635254,
        "std_jailbreak": 10.218507766723633,
        "separation": -7.729621887207031
      },
      "L49": {
        "optimal": 45.5982608795166,
        "mean_benign": 41.085391998291016,
        "mean_jailbreak": 50.11112976074219,
        "std_benign": 21.43694305419922,
        "std_jailbreak": 12.501991271972656,
        "separation": -9.025737762451172
      },
      "L50": {
        "optimal": 49.91262245178223,
        "mean_benign": 44.360687255859375,
        "mean_jailbreak": 55.46455764770508,
        "std_benign": 25.27125358581543,
        "std_jailbreak": 15.340187072753906,
        "separation": -11.103870391845703
      },
      "L51": {
        "optimal": 55.42230415344238,
        "mean_benign": 49.0418586730957,
        "mean_jailbreak": 61.80274963378906,
        "std_benign": 30.573293685913086,
        "std_jailbreak": 18.765241622924805,
        "separation": -12.76089096069336
      },
      "L52": {
        "optimal": 60.96738243103027,
        "mean_benign": 53.53909683227539,
        "mean_jailbreak": 68.39566802978516,
        "std_benign": 35.97503662109375,
        "std_jailbreak": 21.799015045166016,
        "separation": -14.856571197509766
      },
      "L53": {
        "optimal": 71.70255470275879,
        "mean_benign": 63.57789993286133,
        "mean_jailbreak": 79.82720947265625,
        "std_benign": 44.59465408325195,
        "std_jailbreak": 27.053627014160156,
        "separation": -16.249309539794922
      }
    },
    "jbb_wj_compliance": {
      "L46": {
        "optimal": -56.85980987548828,
        "mean_benign": -54.8715705871582,
        "mean_jailbreak": -58.84804916381836,
        "std_benign": 10.611720085144043,
        "std_jailbreak": 12.915742874145508,
        "separation": 3.9764785766601562
      },
      "L47": {
        "optimal": -61.98874092102051,
        "mean_benign": -63.20460891723633,
        "mean_jailbreak": -60.77287292480469,
        "std_benign": 11.798495292663574,
        "std_jailbreak": 14.643733024597168,
        "separation": -2.4317359924316406
      },
      "L48": {
        "optimal": -64.5242805480957,
        "mean_benign": -62.171302795410156,
        "mean_jailbreak": -66.87725830078125,
        "std_benign": 13.41472339630127,
        "std_jailbreak": 17.703617095947266,
        "separation": 4.705955505371094
      },
      "L49": {
        "optimal": -73.1167221069336,
        "mean_benign": -70.39156341552734,
        "mean_jailbreak": -75.84188079833984,
        "std_benign": 16.505151748657227,
        "std_jailbreak": 22.187236785888672,
        "separation": 5.4503173828125
      },
      "L50": {
        "optimal": -80.87372970581055,
        "mean_benign": -76.6783676147461,
        "mean_jailbreak": -85.069091796875,
        "std_benign": 18.981237411499023,
        "std_jailbreak": 27.67809295654297,
        "separation": 8.390724182128906
      },
      "L51": {
        "optimal": -89.27960205078125,
        "mean_benign": -85.30803680419922,
        "mean_jailbreak": -93.25116729736328,
        "std_benign": 23.241313934326172,
        "std_jailbreak": 34.57252502441406,
        "separation": 7.9431304931640625
      },
      "L52": {
        "optimal": -98.80730438232422,
        "mean_benign": -93.52813720703125,
        "mean_jailbreak": -104.08647155761719,
        "std_benign": 27.713159561157227,
        "std_jailbreak": 40.91291046142578,
        "separation": 10.558334350585938
      },
      "L53": {
        "optimal": -112.27970123291016,
        "mean_benign": -107.3648681640625,
        "mean_jailbreak": -117.19453430175781,
        "std_benign": 33.5161247253418,
        "std_jailbreak": 50.91168212890625,
        "separation": 9.829666137695312
      }
    },
    "jbb_cal_compliance": {
      "L46": {
        "optimal": -35.30902671813965,
        "mean_benign": -40.1619758605957,
        "mean_jailbreak": -30.456077575683594,
        "std_benign": 8.01516056060791,
        "std_jailbreak": 11.392650604248047,
        "separation": -9.70589828491211
      },
      "L47": {
        "optimal": -38.564414978027344,
        "mean_benign": -46.09380340576172,
        "mean_jailbreak": -31.03502655029297,
        "std_benign": 8.821176528930664,
        "std_jailbreak": 12.987634658813477,
        "separation": -15.05877685546875
      },
      "L48": {
        "optimal": -39.754676818847656,
        "mean_benign": -47.03227996826172,
        "mean_jailbreak": -32.477073669433594,
        "std_benign": 10.124175071716309,